{
  "version": 6,
  "configurePresets": [
    {
      "name": "ci-base",
      "displayName": "Basic Config",
      "hidden": true,
      "binaryDir": "${sourceParentDir}/build/${presetName}",
      "installDir": "${sourceParentDir}/install/${presetName}"
    },
   {
      "name": "ci-x64",
      "architecture": {
        "value": "x64",
        "strategy": "external"
      },
      "hidden": true
    },
    {
      "name": "ci-x86",
      "architecture": {
        "value": "x86",
        "strategy": "external"
      },
      "hidden": true
    },
    {
      "name": "ci-Debug",
      "cacheVariables": {
        "CMAKE_BUILD_TYPE": "Debug"
      },
      "hidden": true
    },
    {
      "name": "ci-Release",
      "cacheVariables": {
        "CMAKE_BUILD_TYPE": "RelWithDebInfo"
      },
      "hidden": true
    },
    {
      "name": "ci-MSVC",
      "hidden": true,
      "cacheVariables": {
        "CMAKE_C_COMPILER": "cl",
        "CMAKE_CXX_COMPILER": "cl"
      },
      "toolset": {
        "value": "host=x64",
        "strategy": "external"
      },
      "condition": {
        "type": "equals",
        "lhs": "${hostSystemName}",
        "rhs": "Windows"
      }
    },
    {
      "name": "ci-Clang",
      "hidden": true,
      "cacheVariables": {
        "CMAKE_TOOLCHAIN_FILE": "config/toolchain/clang.cmake"
      },
      "toolset": {
        "value": "host=x64",
        "strategy": "external"
      }
    },
    {
      "name": "ci-GNUC",
      "hidden": true,
      "cacheVariables": {
        "CMAKE_TOOLCHAIN_FILE": "config/toolchain/gcc.cmake"
      },
      "condition": {
        "type": "equals",
        "lhs": "${hostSystemName}",
        "rhs": "Linux"
      },
      "toolset": {
        "value": "host=x64",
        "strategy": "external"
      }
    },
    {
      "name": "ci-Intel",
      "hidden": true,
      "cacheVariables": {
        "CMAKE_TOOLCHAIN_FILE": "config/toolchain/intel.cmake"
      },
      "toolset": {
        "value": "host=x64",
        "strategy": "external"
      }
    },
    {
      "name": "ci-CPP",
      "hidden": true,
      "cacheVariables": {
        "HDF5_BUILD_CPP_LIB": "ON"
      }
    },
    {
      "name": "ci-x64-Debug-MSVC",
      "description": "MSVC for x64 (Debug)",
      "hidden": true,
      "inherits": [
        "ci-base",
        "ci-x64",
        "ci-Debug",
        "ci-MSVC"
      ]
    },
    {
      "name": "ci-x64-Release-MSVC",
      "description": "MSVC for x64 (Release)",
      "hidden": true,
      "inherits": [
        "ci-base",
        "ci-x64",
        "ci-Release",
        "ci-MSVC"
      ]
    },
    {
      "name": "ci-x64-Debug-Clang",
      "description": "Clang/LLVM for x64 (Debug)",
      "hidden": true,
      "inherits": [
        "ci-base",
        "ci-x64",
        "ci-Debug",
        "ci-Clang"
      ]
    },
    {
      "name": "ci-x64-Release-Clang",
      "description": "Clang/LLVM for x64 (Release)",
      "hidden": true,
      "inherits": [
        "ci-base",
        "ci-x64",
        "ci-Release",
        "ci-Clang"
      ]
    },
    {
      "name": "ci-x64-Debug-GNUC",
      "description": "GNUC for x64 (Debug)",
      "hidden": true,
      "inherits": [
        "ci-base",
        "ci-x64",
        "ci-Debug",
        "ci-GNUC"
      ]
    },
    {
      "name": "ci-x64-Release-GNUC",
      "description": "GNUC for x64 (Release)",
      "hidden": true,
      "inherits": [
        "ci-base",
        "ci-x64",
        "ci-Release",
        "ci-GNUC"
      ]
    }
  ],
  "buildPresets": [
    {
      "name": "ci-base",
      "configurePreset": "ci-base",
      "hidden": true,
      "verbose": true,
      "jobs": 8
    },
    {
      "name": "ci-x64-Debug-MSVC",
      "configurePreset": "ci-x64-Debug-MSVC",
      "hidden": true,
      "inherits": [
        "ci-base"
      ],
      "configuration": "Debug"
    },
    {
      "name": "ci-x64-Release-MSVC",
      "configurePreset": "ci-x64-Release-MSVC",
      "hidden": true,
      "inherits": [
        "ci-base"
      ],
      "configuration": "RelWithDebInfo"
    },
    {
      "name": "ci-x64-Debug-Clang",
      "configurePreset": "ci-x64-Debug-Clang",
      "hidden": true,
      "inherits": [
        "ci-base"
      ]
    },
    {
      "name": "ci-x64-Release-Clang",
      "configurePreset": "ci-x64-Release-Clang",
      "hidden": true,
      "inherits": [
        "ci-base"
      ]
    },
    {
      "name": "ci-x64-Debug-GNUC",
      "configurePreset": "ci-x64-Debug-GNUC",
      "hidden": true,
      "inherits": [
        "ci-base"
      ]
    },
    {
      "name": "ci-x64-Release-GNUC",
      "configurePreset": "ci-x64-Release-GNUC",
      "hidden": true,
      "inherits": [
        "ci-base"
      ]
    }
  ],
  "testPresets": [
    {
      "name": "ci-base",
      "configurePreset": "ci-base",
      "output": {
        "outputOnFailure": false,
        "shortProgress": true,
        "verbosity": "verbose"
      },
      "hidden": true,
      "execution": {
        "noTestsAction": "error",
        "timeout": 600,
        "jobs": 8
      }
    },
    {
      "name": "ci-x64-Debug-MSVC",
      "configurePreset": "ci-x64-Debug-MSVC",
      "hidden": true,
      "inherits": [
        "ci-base"
      ],
      "configuration": "Debug"
    },
    {
      "name": "ci-x64-Release-MSVC",
      "configurePreset": "ci-x64-Release-MSVC",
      "hidden": true,
      "inherits": [
        "ci-base"
      ],
      "configuration": "RelWithDebInfo"
    },
    {
      "name": "ci-x64-Debug-Clang",
      "configurePreset": "ci-x64-Debug-Clang",
      "hidden": true,
      "inherits": [
        "ci-base"
      ]
    },
    {
      "name": "ci-x64-Release-Clang",
      "configurePreset": "ci-x64-Release-Clang",
      "hidden": true,
      "inherits": [
        "ci-base"
      ]
    },
    {
      "name": "ci-x64-Debug-GNUC",
      "configurePreset": "ci-x64-Debug-GNUC",
      "hidden": true,
      "inherits": [
        "ci-base"
      ]
    },
    {
      "name": "ci-x64-Release-GNUC",
      "configurePreset": "ci-x64-Release-GNUC",
      "hidden": true,
      "inherits": [
        "ci-base"
      ]
    }
  ],
  "packagePresets": [
    {
      "name": "ci-base",
      "hidden": true,
      "output": {
        "verbose": true
      }
    },
    {
      "name": "ci-x64-Release-MSVC",
      "configurePreset": "ci-x64-Release-MSVC",
      "hidden": true,
      "inherits": "ci-base",
      "generators": [
        "ZIP"
      ],
      "configurations": ["RelWithDebInfo"]
    },
    {
      "name": "ci-x64-Release-Clang",
      "configurePreset": "ci-x64-Release-Clang",
      "hidden": true,
      "inherits": "ci-base",
      "generators": [
        "TGZ"
      ]
    },
    {
      "name": "ci-x64-Release-GNUC",
      "configurePreset": "ci-x64-Release-GNUC",
      "hidden": true,
      "inherits": "ci-base",
      "generators": [
        "TGZ"
      ]
    }
  ]
}